Symbol,Name,Latest,Change,%Change,Volume,"3M #Hi","3M %/High","3M %/Low",Time
AAPL,"Apple Inc",287.74,3.56,+1.25%,32974556,4,-0.19%,+17.02%,"15:29 ET"
ABCB,"Ameris Bancorp",87.06,0.48,+0.55%,159110,3,-1.34%,+18.59%,"15:26 ET"
ABEO,"Abeona Therapeutics",5.99,0.16,+2.74%,1201279,12,-1.57%,+41.25%,"15:29 ET"
ABEV,"Ambev S.A. ADR",3.43,0.06,+1.78%,25428978,7,-0.73%,+26.48%,"15:26 ET"
ABSI,"Absci Corp",6.05,0.44,+7.84%,4144880,20,-2.89%,+170.31%,"15:29 ET"
ACA,"Arcosa Inc",129.99,-1.26,-0.96%,155074,5,-3.94%,+30.42%,"15:27 ET"
ACLS,"Axcelis Tech Inc",169.62,29.92,+21.42%,1433649,18,-1.98%,+118.28%,"15:28 ET"
ACR,"Acres Commercial Realty Corp",23.05,0.41,+1.81%,12475,18,-0.09%,+29.15%,"15:07 ET"
ACRS,"Aclaris Therapts",4.74,-0.01,-0.21%,597288,13,-3.38%,+71.45%,"15:28 ET"
ADI,"Analog Devices",414.04,9.27,+2.29%,1833716,13,-0.82%,+37.26%,"15:29 ET"
ADV,"Advantage Solutions Inc",41.77,3.99,+10.56%,81466,16,-0.02%,+243.18%,"15:25 ET"
AEG,"Aegon N.V. ADR",8.39,0.22,+2.69%,3078473,8,-0.36%,+24.07%,"15:25 ET"
AERT,"Aeries Technology Inc",0.654,0.0009,+0.14%,88811,12,-2.55%,+147.06%,"15:14 ET"
AGM,"Federal Agricultural Mortgage Corp",181.86,10.58,+6.18%,126534,4,-1.74%,+34.00%,"15:25 ET"
AIN,"Albany International Corp",60.64,2.16,+3.69%,59320,7,-0.02%,+25.19%,"15:27 ET"
AIP,"Arteris Inc",31.55,1.42,+4.71%,666065,24,-0.84%,+133.52%,"15:29 ET"
AIT,"Applied Industrial Technologies",316.19,10.71,+3.51%,245211,6,-0.31%,+25.53%,"15:29 ET"
ALAB,"Astera Labs Inc",210.44,-5.25,-2.43%,6535523,8,-9.61%,+112.16%,"15:29 ET"
ALGM,"Allegro Microsystems Inc",50.75,1.07,+2.15%,2286087,10,-0.60%,+83.82%,"15:29 ET"
ALLR,"Allarity Therapeutics Inc",1.49,0.09,+6.43%,434557,9,-0.38%,+84.05%,"15:26 ET"
ALOT,"Astronova Inc",14.75,0.23,+1.58%,57008,15,-1.60%,+77.93%,"14:58 ET"
ALTG,"Alta Equipment Group Inc",8.41,0.36,+4.47%,172399,5,-1.82%,+68.01%,"15:17 ET"
ALX,"Alexander's Inc",256.3,5.03,+2.00%,21030,5,-0.76%,+20.09%,"15:12 ET"
AMAT,"Applied Materials",428,17.18,+4.18%,3903745,13,-1.87%,+34.36%,"15:29 ET"
AMBA,"Ambarella Inc",74.91,0.55,+0.74%,617986,7,-1.92%,+56.21%,"15:29 ET"
AMD,"Adv Micro Devices",419.93,64.67,+18.20%,73719337,19,-2.86%,+122.24%,"15:29 ET"
AME,"Ametek Inc",242.6,8.06,+3.44%,1027392,6,-0.37%,+16.82%,"15:28 ET"
AMH,"American Homes 4 Rent",32.52,0.24,+0.74%,2064939,7,-1.05%,+19.14%,"15:28 ET"
AMSC,"Amer Superconductor",56.64,1.63,+2.96%,802773,19,-0.72%,+113.68%,"15:26 ET"
AMWL,"American Well Corp Cl A",7.32,0.96,+15.09%,174206,8,-2.73%,+78.95%,"15:22 ET"
ANIP,"ANI Pharma Inc",85.02,0.39,+0.46%,132698,6,-0.86%,+21.78%,"15:29 ET"
AOSL,"Alpha and Omega Semi",49.2,5.45,+12.46%,1739201,14,-0.96%,+160.47%,"15:29 ET"
AP,"Ampco-Pittsburgh Corp",12.05,0.8,+7.11%,161459,12,-2.20%,+123.23%,"15:27 ET"
APLD,"Applied Digital Corp",43.35,3.47,+8.70%,25259933,3,-0.63%,+116.92%,"15:29 ET"
APLE,"Apple Hospitality REIT Inc",13.97,0.36,+2.65%,2191395,16,-0.46%,+22.72%,"15:29 ET"
APLS,"Apellis Pharmaceuticals Inc",41.01,0.039999999999999,+0.10%,2405621,14,-0.15%,+143.55%,"15:28 ET"
ARM,"Arm Holdings Plc ADR",239.11,30.27,+14.49%,13086198,15,-0.92%,+111.94%,"15:29 ET"
ARW,"Arrow Electronics",193.2,6.79,+3.64%,1271042,13,-0.30%,+46.13%,"15:28 ET"
ARWR,"Arrowhead Pharma",79.08,4.15,+5.54%,917345,13,-0.09%,+45.65%,"15:29 ET"
ASMB,"Assembly Biosciences",31.4,1.85,+6.26%,103051,12,-0.06%,+22.40%,"15:17 ET"
ASX,"Ase Industrial Holding Ltd ADR",34.11,0.67,+2.00%,4810901,20,-0.19%,+65.75%,"15:29 ET"
ATEX,"Anterix Inc.",51.72,1.17,+2.31%,169502,27,-3.00%,+91.13%,"15:27 ET"
ATS,"Ats Corp Cda",33.97,-0.34,-0.99%,249219,13,-2.63%,+25.83%,"15:20 ET"
AUR,"Aurora Innovation Inc Cl A",7.3,0.77,+11.79%,31330480,15,-0.90%,+88.35%,"15:29 ET"
AVB,"Avalonbay Communities",186.84,1.59,+0.86%,387206,7,-0.84%,+16.40%,"15:29 ET"
AVGO,"Broadcom Ltd",422.9,-4.46,-1.04%,11420990,14,-3.29%,+45.58%,"15:29 ET"
AVNS,"Avanos Medical Inc",24.73,0.030000000000001,+0.12%,409405,9,-0.24%,+93.92%,"15:29 ET"
AVT,"Avnet Inc",83.73,1.33,+1.61%,1537609,19,-0.90%,+44.71%,"15:28 ET"
AVTX,"Avalo Therapeutics Inc",21.34,5.08,+31.24%,19111934,13,-4.72%,+74.42%,"15:29 ET"
BATRA,"Atlanta Braves Holdings Inc",55.47,2.2,+4.13%,71762,14,-0.67%,+28.94%,"15:14 ET"
BATRK,"Atlanta Braves Holdings Inc C",51.03,1.62,+3.28%,630997,23,-1.77%,+31.64%,"15:27 ET"
BBCP,"Concrete Pumping Holdings Inc",8.1,0.08,+1.00%,59954,17,-0.37%,+28.46%,"15:23 ET"
BELFA,"BEL Fuse Cl A",254.64,-8.33,-3.17%,43443,14,-5.51%,+59.15%,"15:19 ET"
BELFB,"BEL Fuse Inc Cl B",286.36,-10.81,-3.64%,222317,14,-6.34%,+55.76%,"15:23 ET"
BEN,"Franklin Resources",31.16,0.7,+2.30%,3122318,8,-1.27%,+37.45%,"15:29 ET"
BFRI,"Biofrontera Inc",1.14,-0.01,-0.87%,175140,17,-3.36%,+76.79%,"15:12 ET"
BGIN,"Bgin Blockchain Limited Cl A",3.99,0.22,+5.84%,16348,6,-4.88%,+87.50%,"15:20 ET"
BHE,"Benchmark Electronics",85.44,0.88,+1.04%,261823,21,-1.79%,+69.12%,"15:29 ET"
BHP,"Bhp Billiton Ltd ADR",84.32,5.08,+6.41%,2776723,10,-0.24%,+29.96%,"15:29 ET"
BLDP,"Ballard Power Sys",4.82,0.49,+11.32%,12672249,16,-0.84%,+145.57%,"15:29 ET"
BLMN,"Bloomin' Brands Inc",8.49,2.73,+47.40%,8712977,3,-2.63%,+60.60%,"15:29 ET"
BLNK,"Blink Charging Company",0.8578,0.134,+18.51%,4086510,6,-0.92%,+89.36%,"15:29 ET"
BLRX,"Biolinerx Ltd ADR",3.335,0.295,+9.70%,69217,2,-4.06%,+53.95%,"15:11 ET"
BMO,"Bank of Montreal",155.44,4.42,+2.93%,478665,11,-0.26%,+19.23%,"15:29 ET"
BNS,"Bank of Nova Scotia",78.54,1.87,+2.44%,915715,5,-0.28%,+16.97%,"15:29 ET"
BRKR,"Bruker Corp",42.39,4.38,+11.52%,1935934,4,-3.41%,+29.12%,"15:29 ET"
BTBT,"Bit Digital Inc",1.895,0.105,+5.87%,29948387,3,-1.31%,+50.80%,"15:27 ET"
BTCS,"Btcs Inc",2.28,0.12,+5.56%,1175801,10,-0.44%,+82.00%,"15:29 ET"
BTDR,"Bitdeer Technologies Group",14.72,2.24,+17.95%,11581714,2,-1.40%,+114.44%,"15:29 ET"
BUD,"Anheuser-Busch Inbev S.A. ADR",82.34,1.97,+2.45%,2197751,5,-0.59%,+22.38%,"15:29 ET"
BUUU,"BuUU Group Limited Class A Ordinary Share",21.905,3.735,+20.56%,281999,8,-9.80%,+163.17%,"15:09 ET"
BVS,"Bioventus Inc Cl A",10.91,0.23,+2.15%,780249,7,-4.28%,+37.79%,"15:29 ET"
BYFC,"Broadway Fin Corp",9.37,0.1,+1.08%,5130,7,-0.64%,+31.60%,"14:54 ET"
CABA,"Cabaletta Bio Inc",3.6,-0.55,-13.25%,5576621,12,-15.25%,+48.76%,"15:26 ET"
CACC,"Credit Acceptance",545.48,19.81,+3.77%,233900,7,-3.49%,+34.66%,"15:28 ET"
CARE,"Carter Bankshares Inc",26.16,0.010000000000002,+0.04%,105122,15,-0.68%,+34.88%,"15:29 ET"
CAT,"Caterpillar Inc",929.03,24.44,+2.70%,1757064,14,-0.16%,+39.73%,"15:29 ET"
CATY,"Cathay Genl Bncp",57.15,0.039999999999999,+0.07%,266365,12,-1.23%,+24.87%,"15:28 ET"
CBC,"Central Bancompany Inc Cl A",27.15,-0.24,-0.88%,162396,12,-1.38%,+17.11%,"15:28 ET"
CBT,"Cabot Corp",82.45,3.52,+4.46%,386726,5,-2.93%,+23.28%,"15:21 ET"
CDLR,"Cadeler As ADR",28.91,-0.05,-0.16%,33720,11,-0.70%,+33.14%,"14:59 ET"
CDNL,"Cardinal Infrastructure Group Inc Cl A",54.5,-1.43,-2.56%,223679,23,-5.23%,+127.82%,"15:28 ET"
CDNS,"Cadence Design Sys",353.79,0.16000000000003,+0.05%,1552415,17,-0.29%,+34.44%,"15:29 ET"
CECO,"Ceco Environmental Corp",85.6,-2.18,-2.48%,820292,9,-4.74%,+71.36%,"15:29 ET"
CEVA,"Ceva Inc",34.43,0.71,+2.11%,745250,12,-1.58%,+101.23%,"15:28 ET"
CGCT,"Cartesian Growth Corporation III Cl A",10.415,0.034999999999998,+0.34%,99885,9,-0.24%,+1.81%,"15:14 ET"
CGNT,"Cognyte Software Ltd",10.63,0.75,+7.59%,803087,14,-0.14%,+70.19%,"15:28 ET"
CGNX,"Cognex Corp",61.44,2.61,+4.44%,4013270,4,-0.86%,+48.61%,"15:29 ET"
CHEF,"The Chefs Warehouse",79.81,0.78,+0.99%,222430,12,-1.30%,+40.98%,"15:26 ET"
CIEN,"Ciena Corp",576.04,31.29,+5.74%,1670836,28,-1.80%,+115.02%,"15:29 ET"
CIFR,"Cipher Digital Inc",21.57,-0.53,-2.40%,34828243,8,-6.23%,+83.70%,"15:29 ET"
CLDT,"Chatham Lodging Trust REIT",8.91,-0.01,-0.11%,240802,16,-2.20%,+23.68%,"15:29 ET"
CLSK,"Cleanspark Inc",14.52,1.11,+8.28%,20803881,10,-0.31%,+81.13%,"15:29 ET"
CLYM,"Climb Bio Inc",12.2,0.75,+6.55%,935200,18,-1.26%,+141.21%,"15:29 ET"
CMBT,"Cmb.Tech NV",14.7,-0.43,-2.84%,1352271,12,-2.88%,+25.08%,"15:29 ET"
CMI,"Cummins Inc",712.78,37.9,+5.62%,620780,16,-0.21%,+39.31%,"15:29 ET"
CMP,"Compass Minerals Intl Inc",26.72,0.26,+0.98%,289762,9,-2.56%,+27.38%,"15:28 ET"
CNC,"Centene Corp",55.27,2.29,+4.32%,4522283,15,-0.29%,+74.64%,"15:29 ET"
CNO,"Cno Financial Group",45.65,0.13,+0.29%,268368,5,-0.84%,+17.44%,"15:28 ET"
CNOB,"Connectone Bancorp",30.12,0.040000000000003,+0.13%,124096,8,-1.99%,+22.06%,"15:27 ET"
COHU,"Cohu Inc",49.22,0.77,+1.59%,812699,19,-2.84%,+84.90%,"15:29 ET"
CORT,"Corcept Therapeutics",52.72,1.39,+2.71%,654774,6,-0.14%,+84.46%,"15:27 ET"
CORZ,"Core Scientific Inc",24.27,2.08,+9.37%,30378693,12,-2.72%,+79.42%,"15:29 ET"
CPSS,"Consumer Portfol",10.09,0.17,+1.71%,24156,6,-2.32%,+35.25%,"14:59 ET"
CRBP,"Corbus Pharmaceuticals Hldgs Inc",10.98,0.31,+2.91%,483245,12,-3.35%,+52.50%,"15:26 ET"
CRMD,"Cormedix Inc",8.09,0.36,+4.66%,816700,6,-0.55%,+31.76%,"15:24 ET"
CRS,"Carpenter Technology Corp",459.1,14.11,+3.17%,463416,15,-0.58%,+30.78%,"15:28 ET"
CRWV,"Coreweave Inc Cl A",138.14,10.25,+8.01%,24747037,11,-0.29%,+105.21%,"15:29 ET"
CSTM,"Constellium Se",33.72,0.76,+2.31%,1177098,20,-0.79%,+52.25%,"15:29 ET"
CTEV,"Claritev Corporation",26.64,0.27,+1.02%,50669,3,-2.20%,+121.84%,"15:27 ET"
CTKB,"Cytek Biosciences Inc",4.92,0.14,+2.93%,340090,9,-2.30%,+23.42%,"15:28 ET"
CTLP,"Cantalope Inc",11.19,-0.01,-0.09%,1200900,12,-0.04%,+14.00%,"15:28 ET"
CTRI,"Centuri Holdings Inc",40.67,-0.91,-2.19%,2098503,20,-3.54%,+50.13%,"15:29 ET"
CTS,"Cts Corp",59.67,1.6,+2.76%,201507,3,-0.12%,+31.67%,"15:25 ET"
CUE,"Cue Biopharma Inc",34.42,-0.52,-1.49%,736901,10,-14.29%,+611.93%,"15:29 ET"
CURR,"Currenc Group Inc",3.9,0.42,+12.07%,558306,18,-0.51%,+173.61%,"15:28 ET"
CUZ,"Cousins Properties Inc",26.8,0.75,+2.88%,1129856,5,-1.20%,+27.15%,"15:28 ET"
CVGI,"Commercial Vehicle G",5.15,0.93,+22.04%,1385963,18,-4.44%,+265.96%,"15:26 ET"
CVLT,"Commvault Systems",101.29,-1.49,-1.45%,218467,15,-1.34%,+41.63%,"15:29 ET"
CVS,"CVS Corp",86.95,6.26,+7.76%,11328017,9,-1.81%,+25.19%,"15:29 ET"
CW,"Curtiss-Wright Corp",743.81,14.86,+2.04%,151752,11,-0.52%,+19.09%,"15:29 ET"
CX,"Cemex S.A.B. DE C.V. ADR",13.65,0.78,+6.06%,6331585,4,-0.77%,+36.26%,"15:29 ET"
CXDO,"Crexendo Inc",9.67,1.36,+16.37%,1047759,10,-0.61%,+75.15%,"15:28 ET"
CXW,"Corecivic Inc",21.24,1.82,+9.37%,1160156,10,-1.49%,+34.73%,"15:28 ET"
CYPH,"Cypherpunk Technologies Inc",1.1,0.03,+2.80%,17043502,7,-11.73%,+125.96%,"15:28 ET"
CYRX,"Cryoport Inc",12.6,0.41,+3.36%,835258,13,-4.05%,+65.18%,"15:29 ET"
DAC,"Danaos Corp",130.02,2.51,+1.97%,119685,19,-0.59%,+29.70%,"15:29 ET"
DAO,"Youdao Inc ADR",11.91,0.67,+5.96%,47005,15,-3.57%,+34.20%,"15:18 ET"
DCO,"Ducommun Inc",148.42,5.86,+4.11%,135615,14,-0.72%,+28.32%,"15:24 ET"
DCTH,"Delcath Systems Inc",11.29,-0.24,-2.08%,339863,10,-3.30%,+33.06%,"15:25 ET"
DDD,"3D Systems Corp",2.53,-0.07,-2.69%,2960178,5,-7.35%,+41.57%,"15:18 ET"
DEI,"Douglas Emmett",12.09,0.76,+6.71%,3187068,5,-3.75%,+33.41%,"15:29 ET"
DELL,"Dell Technologies Inc",239.06,22.74,+10.51%,6887880,20,-0.26%,+114.57%,"15:29 ET"
DFSC,"Defsec Technologies Inc",3.5,0.0099999999999998,+0.29%,99718,9,-2.47%,+96.63%,"14:57 ET"
DGII,"Digi Intl Inc",58.72,0.28,+0.48%,152755,18,-0.61%,+35.41%,"15:29 ET"
DGXX,"Digi Power X Inc",6.13,1.02,+19.96%,25694544,16,-0.78%,+241.92%,"15:29 ET"
DHC,"Diversified Healthcare Trust",8.2,0.029999999999999,+0.37%,1112084,17,-2.97%,+44.17%,"15:24 ET"
DIOD,"Diodes Inc",115.71,3.21,+2.85%,491052,18,-1.12%,+97.45%,"15:26 ET"
DLO,"Dlocal Ltd Cl A",14.15,0.45,+3.28%,2156330,10,-2.05%,+26.43%,"15:29 ET"
DMAA,"Drugs Made IN America Acquisition Corp",10.6,0.02,+0.19%,13206,27,0.00%,+1.96%,"14:51 ET"
DOC,"Healthpeak Properties Inc",19.42,2.91,+17.63%,21057151,10,-0.87%,+23.98%,"15:29 ET"
DOCN,"Digitalocean Holdings Inc",159.15,6.38,+4.18%,3504394,18,-0.04%,+212.17%,"15:29 ET"
DRH,"Diamondrock Hospitality Company",10.68,0.039999999999999,+0.38%,1056936,9,-1.98%,+16.00%,"15:28 ET"
DSX,"Diana Shipping Inc",2.68,-0.04,-1.47%,830531,11,-3.61%,+18.67%,"15:27 ET"
DVA,"Davita Healthcare Partners Inc",189.56,32.52,+20.71%,2092362,8,-0.12%,+39.79%,"15:29 ET"
DXPE,"Dxp Enterprise",182.87,3.61,+2.01%,125227,11,-0.88%,+45.44%,"15:26 ET"
ECG,"Everus Construction Group Inc",166.59,-1.73,-1.03%,908698,15,-2.06%,+72.86%,"15:29 ET"
ECPG,"Encore Capital Group",84.98,0.57000000000001,+0.68%,100147,18,-0.70%,+52.22%,"15:27 ET"
ECVT,"Pq Group Holdings Inc",14.59,-0.14,-0.95%,970486,20,-2.01%,+35.81%,"15:28 ET"
EFC,"Ellington Financial Llc",13.61,0.5,+3.81%,1883855,8,-0.22%,+20.67%,"15:28 ET"
EGHT,"8X8 Inc",2.44,-0.32,-11.59%,1798399,4,-15.28%,+53.46%,"15:27 ET"
EGP,"Eastgroup Properties",203.94,3.54,+1.77%,145101,11,-0.56%,+11.80%,"15:26 ET"
ELVR,"Sayona Mining Limited ADR",98,7.49,+8.28%,68284,20,-2.02%,+138.13%,"15:14 ET"
EME,"Emcor Group",943.57,10.3,+1.10%,371823,13,-0.39%,+38.33%,"15:28 ET"
ENIC,"Enersis Chile S.A. ADR",4.68,0.14,+3.08%,420488,8,0.00%,+26.36%,"15:20 ET"
ENLT,"Enlight Renewable Energy Ltd",93.43,2.73,+3.01%,100166,15,-0.92%,+55.18%,"15:25 ET"
ENS,"Enersys Inc",223.18,2.73,+1.24%,163795,18,-0.80%,+48.30%,"15:26 ET"
EOLS,"Evolus Inc",6.41,0.04,+0.63%,1129780,5,-5.63%,+62.95%,"15:29 ET"
EPC,"Edgewell Personal Care",21.65,-1.18,-5.17%,848429,15,-12.65%,+18.64%,"15:29 ET"
ESE,"Esco Technologies Inc",333.87,-5.48,-1.61%,135322,18,-2.61%,+32.37%,"15:27 ET"
ESI,"Element Solutions Inc",44.07,0.079999999999998,+0.18%,1842339,18,-1.31%,+50.41%,"15:29 ET"
EUDA,"Euda Health Holdings Ltd",12.92,-3.39,-20.78%,259450,4,-49.73%,+145.63%,"14:59 ET"
EVC,"Entravision Communications Corp",7.78,3.8,+95.48%,37805037,10,-4.13%,+180.88%,"15:28 ET"
EVLV,"Evolv Technologies Hldgs Inc",7.12,-0.11,-1.52%,1780340,18,-2.64%,+48.10%,"15:29 ET"
EXEL,"Exelixis Inc",48.75,4.33,+9.75%,4015448,9,-0.08%,+22.21%,"15:29 ET"
EXTR,"Extreme Networks",23.45,-0.26,-1.10%,1693836,15,-1.53%,+74.47%,"15:29 ET"
EZPW,"Ezcorp Inc",33.39,-0.02,-0.06%,526405,21,-1.76%,+40.56%,"15:28 ET"
FATE,"Fate Therapeutics",2.245,-0.115,-4.87%,5086069,14,-6.88%,+114.90%,"15:27 ET"
FBP,"First Bancorp",24.27,0.079999999999998,+0.33%,414485,9,-1.40%,+23.38%,"15:27 ET"
FG,"F&G Annuities & Life Inc",29.65,0.23,+0.78%,427931,7,-1.36%,+44.31%,"15:28 ET"
FHB,"First Hawaiian Inc",27.63,0.11,+0.40%,1857565,4,-1.17%,+18.38%,"15:28 ET"
FIX,"Comfort Systems USA",1997.54,30.3,+1.54%,318474,21,-0.86%,+64.13%,"15:29 ET"
FLEX,"Flextronics Intl Ltd",133.23,36.78,+38.13%,15297744,20,-0.04%,+127.42%,"15:29 ET"
FLR,"Fluor Corp",54.18,1.19,+2.25%,1909938,7,-0.90%,+27.56%,"15:29 ET"
FLYW,"Flywire Corp Voting",17.59,3.06,+21.06%,8839536,17,-1.74%,+65.69%,"15:29 ET"
FMX,"Fomento Economico Mexicano S.A.B. DE C.V. ADR",121.98,0.69,+0.57%,451293,10,-1.44%,+21.15%,"15:26 ET"
FPS,"Forgent Power Solutions Inc Cl A",42.5,0.54,+1.29%,3347908,9,-5.00%,+56.27%,"15:29 ET"
FRT,"Federal Realty Investment Trust",116.93,1.64,+1.42%,295621,13,-0.56%,+13.84%,"15:28 ET"
FSTR,"Foster L B Company",41.83,2.09,+5.26%,82870,6,-1.85%,+55.63%,"15:24 ET"
FTRE,"Fortrea Holdings Inc",15.35,0.82,+5.64%,1655354,3,-3.36%,+78.54%,"15:29 ET"
GAIN,"Gladstone Investment",16.67,-0.33,-1.94%,297553,20,-2.04%,+28.07%,"15:29 ET"
GDC,"Gd Culture Group Ltd",1.33,-4.66,-77.80%,10878052,10,-80.38%,+29.41%,"15:29 ET"
GDRX,"Goodrx Holdings Inc Cl A",2.63,0.07,+2.73%,1346673,7,-0.19%,+48.31%,"15:26 ET"
GENK,"Gen Restaurant Group Inc Cl A",2.245,0.355,+18.78%,87316,8,-3.42%,+58.04%,"15:09 ET"
GEO,"Geo Group Inc",22.68,4.32,+23.53%,4272173,13,-2.67%,+80.42%,"15:29 ET"
GFS,"Globalfoundries Inc",70.7,-3.34,-4.51%,5056145,14,-6.02%,+75.09%,"15:29 ET"
GGB,"Gerdau S.A. ADR",4.94,0.14,+2.92%,24145492,6,-0.60%,+57.64%,"15:29 ET"
GHM,"Graham Corp",98.1,0.22,+0.22%,66156,9,-2.84%,+30.79%,"15:19 ET"
GL,"Globe Life Inc",154.58,0.44000000000003,+0.29%,181756,12,-1.63%,+14.11%,"15:28 ET"
GLAD,"Gladstone Cap Corp",19.27,-0.21,-1.08%,143920,7,-1.93%,+16.57%,"15:28 ET"
GLW,"Corning Inc",183.67,21.57,+13.31%,26626140,13,-5.86%,+53.60%,"15:29 ET"
GLXY,"Galaxy Digital Holdings",30.75,0.43,+1.42%,3883662,15,-2.77%,+86.76%,"15:29 ET"
GNRC,"Generac Holdings Inc",265.44,1.76,+0.67%,341335,11,-1.12%,+47.20%,"15:29 ET"
GNW,"Genworth Financial Inc",9.16,0.29,+3.27%,2214841,4,-2.83%,+16.26%,"15:29 ET"
GOOD,"Gladstone Comml",12.45,-0.42,-3.26%,557853,8,-6.21%,+12.90%,"15:28 ET"
GOOG,"Alphabet Cl C",392.47,8.2,+2.13%,13820619,14,-0.70%,+44.96%,"15:29 ET"
GOOGL,"Alphabet Cl A",395.62,7.19,+1.85%,20807589,13,-0.77%,+45.81%,"15:29 ET"
GRC,"Gorman-Rupp Company",77.67,0.23999999999999,+0.31%,76896,11,-2.29%,+36.40%,"15:26 ET"
GSL,"Global Ship Lease Inc",41.75,0.25,+0.60%,174485,13,-0.89%,+16.75%,"15:27 ET"
GTX,"Garrett Motion Inc",27.18,1.04,+3.98%,2844300,8,-0.62%,+61.54%,"15:28 ET"
GVA,"Granite Construction Incorporated",142.52,0.86000000000001,+0.61%,314358,12,-1.61%,+24.19%,"15:26 ET"
HASI,"Ha Sustainable Infrastructure Capital Inc",43.28,0.31,+0.72%,428776,18,-0.82%,+23.76%,"15:29 ET"
HBIO,"Harvard Bioscience",7.36,0.73,+11.01%,113167,4,-2.67%,+82.50%,"15:24 ET"
HCHL,"Happy City Holdings Limited Cl A",1.87,-0.33,-15.00%,127077,21,-23.67%,+128.05%,"14:46 ET"
HELE,"Helen of Troy Ltd",25.68,1.78,+7.45%,716978,7,-0.51%,+84.58%,"15:29 ET"
HIMX,"Himax Technologies ADR",12.32,0.14,+1.15%,3076921,12,-2.47%,+74.22%,"15:29 ET"
HIVE,"Hive Digital Technologies Ltd",2.93,0.09,+3.17%,12171274,8,-3.00%,+68.21%,"15:25 ET"
HLIT,"Harmonic Inc",12.27,0.38,+3.20%,1169561,6,-0.65%,+44.71%,"15:28 ET"
HNGE,"Hinge Health Inc Cl A",53.59,3.84,+7.72%,4011774,15,-5.16%,+75.90%,"15:29 ET"
HOG,"Harley-Davidson Inc",23.93,-1.18,-4.70%,2632669,12,-5.45%,+42.63%,"15:29 ET"
HOVR,"New Horizon Aircraft Ltd",2.69,0.41,+17.98%,3212311,8,-2.16%,+117.60%,"15:29 ET"
HPE,"Hewlett Packard Enterprise Comp",30.18,0.14,+0.47%,8221374,9,-0.33%,+52.17%,"15:29 ET"
HPP,"Hudson Pacific Properties",10.49,0.72,+7.37%,1261779,7,-2.33%,+99.24%,"15:28 ET"
HPQ,"HP Inc",21.37,0.22,+1.04%,13532615,5,-1.36%,+21.87%,"15:29 ET"
HR,"Healthcare Realty Trust Inc.",20.22,0.3,+1.51%,6056385,14,-0.71%,+21.79%,"15:29 ET"
HRTX,"Heron Therapeutics",1.315,0.085,+6.91%,3338188,4,-0.75%,+80.66%,"15:29 ET"
HST,"Host Marriott Financial Trust",21.79,0.48,+2.25%,7758163,10,-0.96%,+18.32%,"15:28 ET"
HUM,"Humana Inc",248.68,9.15,+3.82%,942778,10,-1.33%,+52.31%,"15:29 ET"
HUT,"Hut 8 Corp",107.81,27.3,+33.91%,17061998,14,-2.74%,+157.44%,"15:29 ET"
HWBK,"Hawthorn Bancshares",36.2,2.1,+6.16%,27431,5,-0.75%,+12.90%,"15:19 ET"
HY,"Hyster-Yale Inc",36.69,-3.26,-8.16%,95979,9,-7.93%,+30.13%,"15:26 ET"
HYLN,"Hyliion Hldg Corp Cl A",2.405,0.095,+4.11%,1210446,6,-0.21%,+46.65%,"15:29 ET"
IART,"Integra Lifesciences",13.95,0.73,+5.52%,1336731,9,-1.34%,+60.12%,"15:27 ET"
IBKR,"Interactive Brokers",87.1,3.19,+3.80%,2490040,7,-0.34%,+37.98%,"15:29 ET"
IBTA,"Ibotta Inc Cl A",36.62,-0.23,-0.62%,57721,17,-1.05%,+83.14%,"15:29 ET"
ICCC,"Immucell Corp",8.98,0.09,+1.01%,33743,11,-1.65%,+48.83%,"15:12 ET"
ICU,"Seastar Medical Hldg Corp",4.9197,0.4997,+11.31%,143942,11,-2.18%,+138.65%,"15:07 ET"
IDR,"Idaho Strategic Resources",48.33,4.42,+10.07%,255035,8,-2.91%,+86.20%,"15:28 ET"
IESC,"Ies Holdings",666.87,5.47,+0.83%,217115,16,-1.47%,+71.71%,"15:29 ET"
IFRX,"Fireman B.V.",2.51,0.54,+27.41%,16162332,26,-12.81%,+210.35%,"15:29 ET"
IMOS,"Chipmos Tech ADR",55.98,1.18,+2.15%,126279,10,-2.37%,+82.86%,"15:24 ET"
IMTX,"Immatics NV",11.5,0.55,+5.02%,548240,16,-1.44%,+25.99%,"15:21 ET"
INBK,"First Internet Bcp",25.18,-0.1,-0.40%,61462,10,-1.40%,+33.39%,"15:27 ET"
INDV,"Indivior Pharmaceuticals Inc",40.52,0.93,+2.35%,1445160,9,-0.25%,+45.56%,"15:28 ET"
INN,"Summit Hotel Properties",5.38,0.11,+2.09%,376225,14,-0.09%,+35.47%,"15:28 ET"
INTC,"Intel Corp",112.94,4.79,+4.43%,128923856,17,-1.13%,+176.20%,"15:29 ET"
INV,"Innventure Inc",7.04,0.89,+14.47%,2708885,20,-3.77%,+172.90%,"15:28 ET"
INVE,"Identiv Inc",5.27,0.24,+4.77%,82907,14,-0.76%,+68.28%,"15:27 ET"
IONQ,"Ionq Inc",52.7,4.7,+9.79%,33170100,11,-2.00%,+102.47%,"15:29 ET"
IREN,"Iren Limited",60.74,6,+10.96%,48393080,11,-1.34%,+96.94%,"15:29 ET"
IRM,"Iron Mountain Inc",132.6,0.90000000000001,+0.68%,941984,16,-1.58%,+38.89%,"15:28 ET"
ITT,"ITT Inc",219.51,6.82,+3.21%,738931,10,-2.63%,+23.07%,"15:29 ET"
JAZZ,"Jazz Pharma Plc",226.65,14.39,+6.78%,1469266,18,-1.73%,+40.22%,"15:29 ET"
JBL,"Jabil Circuit",371.38,34.12,+10.12%,1390077,21,-0.08%,+57.12%,"15:29 ET"
JCTC,"Jewett-Cameron Trading Company Ltd",2.03,0.04,+2.01%,35457,4,-6.45%,+31.82%,"14:58 ET"
JLHL,"Julong Holding Limited Cl A",26.2,5.15,+24.47%,44866,7,-4.73%,+543.73%,"15:22 ET"
JOB,"General Employment Enterprises",0.2684,0.0352,+15.09%,2922101,8,-3.52%,+37.24%,"15:12 ET"
KALU,"Kaiser Aluminum",182.15,6.23,+3.54%,108169,9,-0.71%,+72.06%,"15:28 ET"
KALV,"Kalvista Pharmaceuticals Inc",26.75,0.039999999999999,+0.15%,5028179,19,-0.32%,+88.12%,"15:27 ET"
KBDC,"Kayne Anderson Bdc Inc",15.44,0.33,+2.18%,691512,10,-1.41%,+16.12%,"15:27 ET"
KEEL,"Keel Infrastructure Corp",4.13,0.6,+17.00%,46256886,12,-0.37%,+125.91%,"15:29 ET"
KEYS,"Keysight Technologies Inc",365.72,9.79,+2.75%,397417,24,-0.27%,+59.95%,"15:28 ET"
KGS,"Kodiak Gas Services Inc",71.79,0.89,+1.26%,1280078,28,-0.18%,+45.78%,"15:29 ET"
KLIC,"Kulicke and Soffa",93.13,1.74,+1.90%,741210,11,-1.78%,+57.81%,"15:27 ET"
KMT,"Kennametal Inc",43.4,5.89,+15.70%,2425067,5,-0.79%,+28.94%,"15:29 ET"
KN,"Knowles Corp",33.92,0.64,+1.92%,713471,16,-1.88%,+43.12%,"15:28 ET"
KOPN,"Kopin Corp",4.84,0.09,+1.89%,7819740,20,-2.65%,+163.81%,"15:29 ET"
KRSP,"Rice Acquisition Corporation 3 Cl A",10.38,0,-0.04%,16091,8,-0.13%,+1.23%,"14:59 ET"
KTCC,"Key Tronic Corp",3.12,0.22,+7.59%,46271,4,-4.60%,+18.70%,"14:54 ET"
KVHI,"K V H Inds Inc",10.83,1.4,+14.85%,326941,18,-3.65%,+85.68%,"15:18 ET"
LAC,"Lithium Americas Corp",5.99,0.47,+8.51%,14445679,8,-1.48%,+63.39%,"15:29 ET"
LAMR,"Lamar Advertis A",141.82,3.3,+2.38%,434598,9,-0.35%,+15.51%,"15:29 ET"
LAR,"Lithium Argentina Ag",11.34,0.95,+9.14%,4075821,15,-1.43%,+100.97%,"15:29 ET"
LEDS,"Semileds Corp",2,0.18,+9.89%,107783,8,-3.81%,+100.00%,"15:13 ET"
LFMD,"Lifemd Inc",5.34,0.21,+4.09%,909691,7,-1.86%,+105.86%,"15:28 ET"
LFUS,"Littelfuse Inc",437.6,14.8,+3.50%,483001,19,-4.72%,+54.38%,"15:29 ET"
LFVN,"Lifevantage Corp",5.95,0.46,+8.38%,548359,9,-3.77%,+50.51%,"15:21 ET"
LGN,"Legence Corp. Cl A",99.87,0.49000000000001,+0.49%,902254,28,-1.29%,+122.62%,"15:28 ET"
LIFE,"Ethos Technologies Inc Cl A",22.88,1.83,+8.69%,577207,19,-1.43%,+140.74%,"15:22 ET"
LINC,"Lincoln Educational",44.33,-0.76,-1.69%,350651,22,-2.65%,+72.48%,"15:28 ET"
LIND,"Lindblad Expd Holdings",21.9,1.43,+6.99%,736084,6,-0.41%,+37.03%,"15:29 ET"
LION,"Lionsgate Studios Corp",12.64,0.040000000000001,+0.32%,1992643,13,-1.01%,+62.29%,"15:29 ET"
LIXT,"Lixte Biotech Hlds",4.49,0.0049999999999999,+0.11%,92656,11,-8.19%,+77.00%,"15:26 ET"
LQDT,"Liquidity Services",37.18,0.089999999999996,+0.24%,98736,15,-1.38%,+33.20%,"15:26 ET"
LRCX,"Lam Research Corp",297.39,21.59,+7.83%,9059468,13,-1.02%,+51.44%,"15:29 ET"
LTH,"Life Time Group Holdings Inc",33.33,3.95,+13.44%,4411480,3,-0.33%,+32.22%,"15:29 ET"
LUMN,"Lumen Technologies Inc",9.87,0.64,+6.93%,19914295,11,-0.47%,+52.39%,"15:29 ET"
LYV,"Live Nation Entertainment",167.42,10.16,+6.46%,3734669,8,-0.75%,+20.06%,"15:29 ET"
MANE,"Veradermics Incorporated",108.35,-6.45,-5.62%,573285,25,-5.71%,+204.69%,"15:28 ET"
MARA,"Mara Holdings Inc",12.97,0.81,+6.66%,43048904,14,-0.46%,+81.77%,"15:29 ET"
MASS,"908 Devices Inc",8.11,1.02,+14.39%,467152,5,-1.66%,+40.35%,"15:29 ET"
MATX,"Matson Inc",184.4,-2.86,-1.53%,133098,11,-2.59%,+28.54%,"15:25 ET"
MCHP,"Microchip Technology",102.06,3.58,+3.64%,7261609,10,-1.23%,+71.20%,"15:29 ET"
MDIA,"Mediaco Holding Inc Cl A",0.9663,0.0662,+7.35%,72248,21,-2.40%,+80.80%,"15:10 ET"
MEC,"Mayville Engineering Company",22.28,-0.47,-2.07%,194412,7,-6.78%,+34.18%,"15:25 ET"
MEGL,"Magic Empire Global Limited",1.13,-0.0035,-0.31%,121205,11,-18.71%,+29.89%,"14:52 ET"
MESH,"Meshflow Acquisition Corp. Cl A",9.95,0.01,+0.10%,41433,9,0.00%,+0.86%,"14:43 ET"
MET,"Metlife Inc",80.62,0.72,+0.90%,1592052,8,-1.18%,+19.75%,"15:29 ET"
MFC,"Manulife Financial Corp",39.93,0.61,+1.55%,709368,9,-0.35%,+22.56%,"15:29 ET"
MFIC,"Midcap Financial Investment Corp",12.03,-0.2,-1.64%,528818,11,-1.71%,+27.00%,"15:29 ET"
MLI,"Mueller Industries",138.88,8.03,+6.14%,321297,10,-0.85%,+29.51%,"15:28 ET"
MLR,"Miller Industries",49.285,-0.415,-0.84%,96599,8,-1.03%,+19.36%,"15:04 ET"
MLSS,"Milestone Scientific",0.4122,0.0142,+3.57%,833944,12,-0.95%,+73.25%,"15:09 ET"
MMI,"Marcus & Millichap",29.15,0.48,+1.67%,90781,9,-0.61%,+19.61%,"15:28 ET"
MOD,"Modine Manufacturing Company",273.91,2.31,+0.85%,697491,12,-2.26%,+51.22%,"15:28 ET"
MP,"MP Materials Corp",72.83,4.77,+7.01%,6901636,9,-1.17%,+62.60%,"15:29 ET"
MRVI,"Maravai Lifesciences Holdings Inc Cl A",3.88,0.03,+0.78%,2866459,7,-2.91%,+36.96%,"15:26 ET"
MRVL,"Marvell Technology Inc",171.34,2.59,+1.53%,15801929,23,-3.54%,+125.39%,"15:29 ET"
MS,"Morgan Stanley",193.59,4.34,+2.29%,3236261,5,-0.80%,+26.44%,"15:29 ET"
MSBI,"Midland Sts BNC",27.53,0.45,+1.66%,113773,7,-3.07%,+40.07%,"15:26 ET"
MSM,"Msc Industrial Direct Company",105.07,2.06,+2.00%,241665,9,-1.07%,+23.21%,"15:29 ET"
MSN,"Emerson Radio Corp",0.4177,-0.0113,-2.63%,101958,6,-12.58%,+21.29%,"15:06 ET"
MTRN,"Materion Corp",195.1,-1.82,-0.92%,231012,10,-3.16%,+50.93%,"15:29 ET"
MTRX,"Matrix Service Company",13.78,-0.15,-1.08%,262545,16,-2.35%,+39.07%,"15:28 ET"
MTSI,"Macom Technology S",309.99,6.42,+2.11%,1017684,20,-1.45%,+56.22%,"15:29 ET"
MTX,"Minerals Technologies Inc",79.56,0.56,+0.71%,189160,7,-1.90%,+22.51%,"15:27 ET"
MTZ,"Mastec Inc",428.45,-9.06,-2.07%,729797,31,-2.74%,+66.29%,"15:29 ET"
MU,"Micron Technology",662.71,22.51,+3.52%,45002142,15,-1.46%,+111.21%,"15:29 ET"
NBIS,"Nebius Group N.V. Cl A",195.35,19.43,+11.04%,15733075,19,-0.53%,+144.64%,"15:29 ET"
NBIX,"Neurocrine Bioscienc",145.56,10.5,+7.77%,1478736,3,-2.31%,+19.16%,"15:29 ET"
NBTX,"Nanobiotix S.A. ADR",42.25,7.48,+21.51%,117795,11,-0.38%,+89.13%,"15:08 ET"
NEUP,"Neuphoria Therapeutics Inc",5.39,-0.005,-0.09%,23821,14,-1.10%,+40.36%,"14:48 ET"
NEXA,"Nexa Resources S.A.",16.66,0.67,+4.19%,1029424,7,-1.25%,+88.24%,"15:29 ET"
NGL,"Ngl Energy Partners LP",15.64,-0.77,-4.69%,216572,13,-6.09%,+43.85%,"15:19 ET"
NGNE,"Neurogene Inc",32.55,3.61,+12.47%,250754,9,-3.48%,+96.60%,"15:29 ET"
NGVT,"Ingevity Corp",78,0.90000000000001,+1.17%,121090,8,-1.33%,+24.36%,"15:28 ET"
NMM,"Navios Maritime Partners LP",73.21,-3.47,-4.53%,166442,11,-5.89%,+25.75%,"15:24 ET"
NPCE,"Neuropace Inc",18.38,1.34,+7.86%,231306,8,-0.79%,+46.79%,"15:19 ET"
NPO,"Enpro Inc",306.81,6.71,+2.24%,112049,10,-1.11%,+31.01%,"15:18 ET"
NREF,"Nexpoint Real Estate Finance Inc",15.52,0.24,+1.57%,56365,6,-0.61%,+22.82%,"15:29 ET"
NTWK,"Netsol Tech Inc",3.9,0.41,+11.75%,189856,5,-0.74%,+30.72%,"15:25 ET"
NUE,"Nucor Corp",235.12,3.05,+1.31%,616803,11,-0.36%,+50.75%,"15:28 ET"
NVCT,"Nuvectis Pharma Inc",9.99,0.28,+2.88%,93978,5,-1.40%,+37.52%,"15:29 ET"
NVGS,"Navigator Holdings",22.36,-0.23,-1.02%,421531,19,-4.22%,+26.15%,"15:27 ET"
NVT,"Nvent Electric Plc",171.21,1.8,+1.06%,1790003,20,-1.77%,+67.40%,"15:29 ET"
NXPI,"Nxp Semiconductors",302.32,9.97,+3.41%,2118799,9,-0.83%,+62.71%,"15:29 ET"
NYAX,"Nayax Ltd",74.14,1.64,+2.26%,23818,17,-0.44%,+47.43%,"15:21 ET"
ODC,"Oil-Dri Corp of America",75.89,1.18,+1.58%,28092,14,-0.40%,+27.63%,"15:21 ET"
OEC,"Orion S.A.",8.29,-0.02,-0.24%,369458,10,-0.24%,+84.99%,"15:29 ET"
OGN,"Organon & Co.",13.4,0.050000000000001,+0.37%,5449624,13,-0.04%,+135.41%,"15:29 ET"
OLPX,"Olaplex Holdings Inc",2.04,0,0.00%,1793117,28,-0.25%,+73.93%,"15:16 ET"
OMDA,"Omada Health Inc",15.87,0.22,+1.41%,641651,16,-1.31%,+53.70%,"15:26 ET"
OOMA,"Ooma Inc",18.51,-0.15,-0.80%,198412,18,-1.54%,+67.88%,"15:29 ET"
OPHC,"Optimumbank Hlds",5.56,-0.03,-0.54%,59209,7,-0.18%,+15.94%,2026-05-06
OPLN,"Openlane Inc",35.61,0.25,+0.71%,926776,14,-2.21%,+38.63%,"15:28 ET"
ORCL,"Oracle Corp",192.31,6.96,+3.76%,21384231,9,-0.66%,+42.80%,"15:29 ET"
ORN,"Orion Group Holdings Inc",15.03,-0.43,-2.78%,364347,4,-4.55%,+54.77%,"15:28 ET"
OSCR,"Oscar Health Inc Cl A",19.85,1.91,+10.65%,14848352,15,-0.90%,+85.41%,"15:29 ET"
OSPN,"Onespan Inc",11.89,-0.06,-0.50%,389906,7,-1.94%,+18.12%,"15:27 ET"
OSS,"One Stop Systems Inc",15.52,5.75,+58.85%,15627265,9,-6.02%,+122.24%,"15:29 ET"
OUT,"Outfront Media Inc",32.17,1.08,+3.47%,481469,15,-0.03%,+29.03%,"15:28 ET"
PACK,"Ranpak Holdings Corp",6.28,0.37,+6.26%,1284064,2,-4.15%,+93.48%,"15:26 ET"
PDEX,"Pro-Dex Inc",58.7,2.7,+4.82%,21662,20,-1.64%,+57.14%,"15:11 ET"
PEB,"Pebblebrook Hotel Trust",14.68,0.36,+2.51%,2725966,12,-0.85%,+26.30%,"15:28 ET"
PENG,"Penguin Solutions Inc",38.73,2.28,+6.26%,4599557,24,-2.11%,+142.02%,"15:28 ET"
PFG,"Principal Financial Group Inc",101.62,0.75,+0.74%,456074,5,-1.37%,+19.48%,"15:29 ET"
PFIS,"Peoples Finl Svcs Company",58.84,1.89,+3.32%,38052,9,-1.49%,+17.40%,"15:16 ET"
PGC,"Peapack Gladstone FI",43.02,0.050000000000004,+0.12%,50397,16,-1.78%,+32.79%,"15:26 ET"
PKX,"Posco Holdings Inc ADR",88.32,3,+3.52%,195751,16,-0.65%,+58.67%,"15:29 ET"
PLAB,"Photronics Inc",51.95,0.95,+1.86%,458543,16,-2.04%,+63.27%,"15:29 ET"
PLPC,"Preformed Line Prd",363.62,4.96,+1.38%,119065,15,-1.68%,+63.94%,"15:29 ET"
PLXS,"Plexus Corp",265.06,-0.05,-0.02%,277680,14,-3.74%,+47.29%,"15:26 ET"
POM,"Pomdoctor Limited ADR",0.49,0.0954,+24.18%,1749619,8,-14.04%,+153.89%,"15:18 ET"
POWI,"Power Integratn",77.91,0.83,+1.08%,886547,18,-2.27%,+73.59%,"15:25 ET"
POWL,"Powell Industries Inc",321.67,26.98,+9.16%,800397,16,-0.46%,+105.99%,"15:29 ET"
PPSI,"Pioneer Power Solutions",4.3,0.05,+1.18%,296709,2,-3.79%,+83.40%,"15:28 ET"
PRCH,"Porch Group Inc",11,-0.23,-2.05%,1600622,7,-4.44%,+67.63%,"15:29 ET"
PRLB,"Proto Labs Inc",68.75,1.06,+1.57%,90498,4,-0.67%,+28.04%,"15:23 ET"
PRPO,"Precipio Inc",30.75,-1.62,-5.00%,25590,19,-7.97%,+58.56%,"15:26 ET"
PSO,"Pearson Plc ADR",15.16,0.0099999999999998,+0.07%,1296320,25,-1.97%,+26.11%,"15:28 ET"
PSTL,"Postal Realty Trust Cl A",22.77,0.36,+1.61%,215236,17,-2.04%,+26.86%,"15:28 ET"
PTRN,"Pattern Group Inc Series A",14.05,0.040000000000001,+0.29%,1498496,9,-2.27%,+58.97%,"15:28 ET"
PWR,"Quanta Services",784.3,12.69,+1.64%,799704,26,-0.77%,+55.31%,"15:29 ET"
PXS,"Pyxis Tankers",4.6,-0.23,-4.76%,61571,11,-7.88%,+43.43%,"15:14 ET"
PYXS,"Pyxis Oncology Inc",2.355,0.525,+28.69%,1327584,11,-0.64%,+84.92%,"15:28 ET"
Q,"Qnity Electronics Inc",148.51,2.04,+1.39%,1102412,11,-1.54%,+52.65%,"15:29 ET"
QBTS,"D-Wave Quantum Inc",23.79,2.25,+10.45%,31231996,6,-1.33%,+86.04%,"15:29 ET"
QCOM,"Qualcomm Inc",193.47,6.92,+3.71%,22499344,12,-2.38%,+57.88%,"15:29 ET"
QMCO,"Quantum Corp",9.97,1.7,+20.56%,2044335,12,-5.08%,+141.05%,"15:28 ET"
QUBT,"Quantum Computing Inc",10.35,0.79,+8.26%,14958036,9,-0.63%,+66.99%,"15:29 ET"
QUIK,"Quicklogic Corp",18.7,0.51,+2.80%,488660,22,-1.16%,+185.11%,"15:22 ET"
RAL,"Ralliant Corporation",47.15,0.7,+1.51%,772292,13,-1.43%,+21.54%,"15:29 ET"
RARE,"Ultragenyx Pharmaceu",26.1,1.09,+4.36%,2475574,6,-4.23%,+42.32%,"15:29 ET"
RBC,"RBC Bearings Inc",620.28,27.16,+4.58%,127302,18,-1.29%,+19.80%,"15:21 ET"
RBCAA,"Republic Bancorp Inc",76.94,0.45999999999999,+0.60%,62420,6,-1.15%,+15.35%,"15:22 ET"
RHP,"Ryman Hospitality Properties REIT",111.32,3.18,+2.94%,441447,7,-0.27%,+23.92%,"15:28 ET"
RIO,"Rio Tinto Plc ADR",105.88,5.38,+5.35%,3352898,6,-0.11%,+27.89%,"15:29 ET"
RIOT,"Riot Platforms Inc",23.31,2.96,+14.55%,28530996,14,-0.70%,+104.04%,"15:29 ET"
RLJ,"Rlj Lodging Trust",8.76,-0.01,-0.11%,2745194,7,-2.13%,+22.55%,"15:29 ET"
RLMD,"Relmada Therapeutics Inc",7.82,0.47,+6.39%,580675,11,-2.50%,+126.09%,"15:29 ET"
RMR,"The Rmr Grp A",19.72,0.22,+1.13%,183489,6,-1.78%,+28.68%,"15:27 ET"
RNGT,"Range Capital Acquisition Corp II Cl A",10.03,0.01,+0.10%,50100,8,-0.30%,+1.31%,"12:26 ET"
ROG,"Rogers Corp",142.1,3.92,+2.84%,362230,18,-1.07%,+46.58%,"15:17 ET"
ROK,"Rockwell Automation Inc",458.97,23.04,+5.29%,690199,5,-2.00%,+30.69%,"15:29 ET"
ROKU,"Roku Inc",128.12,3.71,+2.98%,1472853,19,-0.77%,+62.42%,"15:29 ET"
RPRX,"Royalty Pharma Plc Cl A",50.89,0.45,+0.89%,1986977,18,-1.68%,+19.48%,"15:29 ET"
RRX,"Regal Rexnord Corp",232.89,10.87,+4.90%,1184134,4,-2.23%,+33.61%,"15:28 ET"
RS,"Reliance Inc",377.61,5.57,+1.50%,236244,8,-0.77%,+30.29%,"15:29 ET"
RUM,"Rumble Inc",7.95,0.64,+8.76%,2153546,8,-0.77%,+67.54%,"15:29 ET"
RY,"Royal Bank of Canada",181.92,3.44,+1.93%,436479,7,-0.19%,+15.81%,"15:29 ET"
SAH,"Sonic Automotive",79.81,1.02,+1.29%,150363,14,-2.23%,+47.33%,"15:25 ET"
SANM,"Sanmina Corp",233.64,11.75,+5.30%,1035823,12,-1.70%,+96.96%,"15:29 ET"
SB,"Safe Bulkers Inc",6.89,-0.22,-3.09%,311450,14,-4.17%,+23.99%,"15:22 ET"
SBUX,"Starbucks Corp",107.18,2.24,+2.13%,4911840,7,-0.37%,+25.18%,"15:29 ET"
SCSC,"Scansource Inc",41.58,-0.65,-1.54%,166080,13,-2.07%,+23.43%,"15:28 ET"
SEAT,"Vivid Seats Inc Cl A",7.76,0.6,+8.38%,163891,5,-11.68%,+46.44%,"15:28 ET"
SFL,"Ship Finance International",11.72,-0.11,-0.93%,961877,18,-1.14%,+29.03%,"15:28 ET"
SHAZ,"Sharonai Holdings Inc",52.65,8.3,+18.71%,628295,12,-4.69%,+211.72%,"15:28 ET"
SHO,"Sunstone Hotel Investors",10.28,0.26,+2.59%,669862,13,-0.87%,+15.52%,"15:28 ET"
SILA,"Sila Realty Trust Inc",30.59,0.16,+0.53%,1734593,10,-0.11%,+33.54%,"15:19 ET"
SITM,"Sitime Corp",619.77,23.13,+3.88%,403826,14,-1.18%,+101.55%,"15:29 ET"
SKIL,"Skillsoft Corp",8.18,-0.44,-5.10%,112760,4,-5.82%,+140.82%,"15:27 ET"
SLF,"Sun Life Financial Inc",73.78,0.57000000000001,+0.78%,365033,13,-0.12%,+21.05%,"15:29 ET"
SLG,"SL Green Realty Corp",44.9,1.16,+2.65%,756289,5,-1.43%,+28.88%,"15:29 ET"
SLNO,"Soleno Therapeutics Inc",52.94,0.019999999999996,+0.04%,1366009,16,-0.03%,+79.83%,"15:29 ET"
SLP,"Simulations Plus Inc",15.6,-0.11,-0.70%,2004981,5,-11.63%,+38.01%,"15:27 ET"
SLQT,"Selectquote Inc",1.185,-0.055,-4.44%,3076532,3,-16.91%,+105.22%,"15:27 ET"
SMSI,"Smith Micro Software",0.88,-0.013,-1.46%,169603,13,-5.18%,+113.93%,"15:24 ET"
SMTC,"Semtech Corp",119.45,6.47,+5.73%,1768060,9,-1.51%,+71.27%,"15:29 ET"
SNDK,"Sandisk Corp",1409.62,3.3,+0.23%,18417632,23,-3.09%,+169.87%,"15:29 ET"
SNEX,"Stonex Group Inc",106.71,-1.35,-1.25%,420026,14,-3.42%,+56.51%,"15:28 ET"
SNX,"Synnex Corp",234.02,-0.7,-0.30%,333708,20,-0.74%,+58.08%,"15:28 ET"
SPB,"Spectrum Brands Holdings Inc",85.26,2.88,+3.50%,291723,13,-0.03%,+26.30%,"15:29 ET"
SPCB,"Supercom Ltd",10.575,0.695,+7.03%,217047,10,-3.03%,+53.75%,"15:12 ET"
SQM,"Sociedad Quimica Y Minera S.A. ADR",94.21,1.57,+1.69%,1036323,11,-1.60%,+43.23%,"15:25 ET"
SRTA,"Strata Critical Medical Inc",5.33,0.51,+10.58%,1918266,7,-5.14%,+35.44%,"15:25 ET"
ST,"Sensata Technologies Holding N.V.",45.48,2.66,+6.21%,2184278,18,-0.25%,+45.75%,"15:29 ET"
STBA,"S&T Bancorp Inc",44.37,-0.4,-0.89%,247408,7,-1.91%,+13.71%,"15:28 ET"
STFS,"Star Fashion Culture Holdings Limited Cl A",8.04,4.01,+99.50%,4981722,5,-12.13%,+832.50%,"15:29 ET"
STLD,"Steel Dynamics Inc",243.29,5.83,+2.46%,511180,10,-0.16%,+49.45%,"15:29 ET"
STM,"Stmicroelectronics N.V. ADR",57.89,0.71,+1.24%,9085959,21,-0.34%,+89.98%,"15:29 ET"
STRL,"Sterling Infrastructure Inc",881.75,75.75,+9.40%,984520,13,-0.83%,+140.39%,"15:29 ET"
STVN,"Stevanato Group S.P.A.",18.83,0.62,+3.40%,231046,7,-1.01%,+44.61%,"15:29 ET"
STWD,"Starwood Property Trust",18.36,0.099999999999998,+0.55%,1260279,8,-1.00%,+8.31%,"15:25 ET"
SUIG,"Sui Group Holdings Ltd",1.76,0.09,+5.39%,365704,12,-1.96%,+61.01%,"15:25 ET"
SVCO,"Silvaco Group Inc",12.43,0.38,+3.15%,360605,25,-0.92%,+303.42%,"15:27 ET"
SVRE,"Saverone 2014 Ltd ADR",5.94,0.55,+10.20%,112791,12,-2.57%,+175.45%,"15:09 ET"
SYNA,"Synaptics Inc",107.46,3.17,+3.04%,817557,7,-2.20%,+64.50%,"15:29 ET"
TALK,"Talkspace Inc",5.2,0,0.00%,759268,11,-0.10%,+41.17%,"15:22 ET"
TBI,"Trueblue Inc",6.13,0.09,+1.49%,553324,5,-6.00%,+97.17%,"15:28 ET"
TBLA,"Taboola.com Ltd",4.68,0.87,+22.83%,6995114,9,-0.88%,+58.38%,"15:28 ET"
TD,"Toronto Dominion Bank",108.98,3.04,+2.87%,658304,17,-0.10%,+19.49%,"15:29 ET"
TDOC,"Teladoc Health Inc",6.79,0.13,+1.95%,2914439,8,-0.81%,+53.52%,"15:26 ET"
TEAD,"Teads Holding CO",1.15,0.2195,+23.59%,915472,11,0.00%,+107.02%,"15:26 ET"
TEVA,"Teva Pharmaceutical Industries ADR",36.34,0.48,+1.34%,3865521,7,-0.64%,+29.91%,"15:29 ET"
TG,"Tredegar Corp",10.25,0.48,+4.91%,102175,6,-0.10%,+44.21%,"15:23 ET"
TGEN,"Tecogen Inc",5.36,0.42,+8.50%,372761,8,-1.81%,+179.38%,"15:14 ET"
TGTX,"Tg Therapeutics",41.48,5.38,+14.90%,5102519,15,-0.83%,+55.98%,"15:29 ET"
THR,"Thermon Group Holdings Inc",68.27,-1.49,-2.14%,886378,9,-3.88%,+57.47%,"15:28 ET"
TIC,"Tic Solutions Inc",10.18,0.68,+7.16%,5074010,3,-2.43%,+60.69%,"15:29 ET"
TKNO,"Alpha Teknova Inc",3.6,-0.14,-3.74%,82832,21,-5.45%,+90.58%,"15:27 ET"
TKR,"Timken Company",120.17,10.54,+9.61%,1386955,5,-2.20%,+28.34%,"15:27 ET"
TLN,"Talen Energy Corporation",407.45,22.55,+5.86%,890886,10,-1.31%,+35.16%,"15:29 ET"
TNC,"Tennant Company",87.62,4.99,+6.04%,204280,8,-0.88%,+44.86%,"15:17 ET"
TOPP,"Toppoint Holdings Inc",0.9999,0.0699,+7.52%,44377,6,-10.92%,+46.25%,"15:06 ET"
TPC,"Tutor Perini Corp",96.43,-0.88,-0.90%,451341,9,-2.99%,+44.72%,"15:29 ET"
TRDA,"Entrada Therapeutics Inc",16.19,0.44,+2.79%,294559,22,-0.25%,+59.43%,"15:28 ET"
TRIN,"Trinity Capital Inc",17.33,0.36,+2.12%,1458931,8,-0.06%,+22.68%,"15:27 ET"
TROW,"T Rowe Price Group",106.41,2.3,+2.21%,1362064,12,-0.74%,+24.54%,"15:29 ET"
TRS,"Trimas Corp",41.8,0.34,+0.82%,245033,10,-1.81%,+26.05%,"15:27 ET"
TRST,"Trustco Bank Corp NY",48.55,0.47,+0.98%,47630,12,-0.64%,+15.80%,"15:27 ET"
TRVG,"Trivago NV ADR",3.24,0.36,+12.50%,514835,2,-4.41%,+25.48%,"15:24 ET"
TSEM,"Tower Semiconductor",214.9,-10.63,-4.71%,1711473,16,-6.42%,+100.81%,"15:29 ET"
TSHA,"Taysha Gene Therapies Inc",6.91,-0.03,-0.43%,3021919,15,-6.16%,+69.98%,"15:29 ET"
TSM,"Taiwan Semiconductor ADR",418.77,24.36,+6.18%,13993247,9,-0.38%,+32.85%,"15:29 ET"
TSSI,"Tss Inc",17.27,1.37,+8.62%,1360799,10,-1.12%,+131.33%,"15:25 ET"
TWLO,Twilio,190.1,-5.48,-2.80%,1925699,19,-3.23%,+80.84%,"15:29 ET"
TX,"Ternium S.A. ADR",48.85,4.74,+10.75%,875724,4,-1.65%,+32.35%,"15:25 ET"
TXN,"Texas Instruments",292.12,11.12,+3.96%,5006360,8,-0.26%,+57.51%,"15:29 ET"
UBER,"UBER Technologies Inc",79.65,6.7,+9.18%,25898543,8,-0.60%,+15.50%,"15:29 ET"
UBS,"UBS Group Ag ADR",45.26,1.16,+2.63%,1751175,3,-0.77%,+24.47%,"15:28 ET"
UCTT,"Ultra Clean Holdings",83.24,0.099999999999994,+0.12%,858004,15,-5.53%,+71.29%,"15:29 ET"
UFCS,"United Fire Group",43.51,3.66,+9.18%,99721,6,-1.99%,+22.48%,"15:23 ET"
UG,"United Guardian Inc",6.83,-0.22,-3.12%,24963,4,-8.81%,+12.15%,"14:56 ET"
UIS,"Unisys Corp",3.17,0.33,+11.62%,1248150,7,-0.93%,+59.42%,"15:28 ET"
ULS,"Ul Solutions Inc Cl A",103.39,-1.35,-1.29%,993411,20,-3.82%,+50.48%,"15:28 ET"
UMC,"United Microelectronics Corp ADR",15.24,1.23,+8.78%,20738437,12,-1.75%,+82.99%,"15:29 ET"
UNCY,"Unicycive Therapeutics Inc",8.16,0.08,+0.99%,586064,12,-2.62%,+35.87%,"15:24 ET"
UNFI,"United Nat Foods",51.65,0.33,+0.64%,360988,13,-1.54%,+48.88%,"15:29 ET"
UNM,"Unumprovident Corp",80.61,-0.22,-0.27%,598024,11,-1.67%,+17.02%,"15:29 ET"
USAR,"USA Rare Earth Inc",28.39,0.97,+3.54%,14308803,9,-0.28%,+105.19%,"15:29 ET"
USEA,"United Maritime Corp",2.35,0.07,+3.07%,63189,10,-1.06%,+39.28%,"15:08 ET"
UTHR,"United Therapeutic",594.52,22.32,+3.90%,420402,7,-2.35%,+28.11%,"15:28 ET"
UVSP,"Univest Corp of Penn",38.58,0.019999999999996,+0.05%,74978,8,-1.29%,+22.56%,"15:26 ET"
VABK,"Virginia Natl Bnk",45.3,1.7,+3.90%,3090,5,-1.12%,+17.80%,"15:27 ET"
VCTR,"Victory Capital Holdings Inc Cl A",82.28,1.02,+1.26%,357720,8,-0.91%,+35.62%,"15:29 ET"
VCYT,"Veracyte Inc",41.38,8.41,+25.51%,1658174,5,-0.32%,+38.99%,"15:29 ET"
VECO,"Veeco Instrument",61.59,12.05,+24.32%,4831525,18,-6.26%,+119.54%,"15:29 ET"
VMI,"Valmont Industries",522.47,4.2900000000001,+0.83%,104917,9,-1.30%,+37.53%,"15:29 ET"
VNCE,"Vince Holding Corp",4.9,-0.67,-12.03%,470791,14,-17.29%,+150.26%,"15:14 ET"
VOYA,"VOYA Financial Inc",80.14,-2.97,-3.57%,1025117,9,-5.11%,+23.58%,"15:29 ET"
VPG,"Vishay Precision Group",63.42,-0.53,-0.83%,192226,9,-3.50%,+61.93%,"15:28 ET"
VRCA,"Verrica Pharmaceuticals Inc",8.17,1.01,+14.11%,333171,3,-3.37%,+88.93%,"15:27 ET"
VRT,"Vertiv Holdings Llc.",358,16.98,+4.98%,3967843,21,-0.74%,+81.19%,"15:29 ET"
VSAT,"Viasat Inc",66.58,1.01,+1.54%,620330,19,-1.62%,+59.31%,"15:29 ET"
VSH,"Vishay Intertechnology",33.53,1.44,+4.49%,3945468,21,-2.34%,+114.16%,"15:29 ET"
WAT,"Waters Corp",348.32,5.57,+1.63%,1102934,4,-2.10%,+22.40%,"15:29 ET"
WCC,"Wesco International",360.45,9.86,+2.81%,470120,6,-0.73%,+47.85%,"15:28 ET"
WILC,"G Willi-Food Intl",35.01,2.31,+7.06%,5932,8,0.00%,+47.04%,2026-05-06
WKEY,"Wisekey International Holding Ltd ADR",8.17,1.11,+15.72%,386028,6,-2.17%,+52.25%,"15:13 ET"
WLFC,"Willis Lease Fin C",235.08,5.99,+2.61%,74172,8,-2.48%,+45.66%,"15:20 ET"
WMK,"Weis Markets",72.33,2.78,+4.00%,144356,5,-5.14%,+20.19%,"15:29 ET"
WOLF,"Wolfspeed Inc",42.33,5.7,+15.56%,12923841,18,-1.98%,+191.63%,"15:29 ET"
WSFS,"WSFS Financial Corp",72.04,0.19000000000001,+0.26%,166985,5,-1.70%,+18.66%,"15:29 ET"
WSR,"Whitestone REIT",18.98,0.030000000000001,+0.16%,496953,22,-0.18%,+29.79%,"15:27 ET"
WT,"Wisdomtree Inc",18.79,0.55,+3.02%,3480545,14,-1.49%,+42.88%,"15:27 ET"
WTTR,"Select Water Solutions Inc",17.61,0.36,+2.09%,2176617,16,-1.17%,+45.57%,"15:29 ET"
WULF,"Terawulf Inc",25.49,2,+8.51%,36179005,14,-1.50%,+93.97%,"15:29 ET"
WYFI,"Whitefiber Inc",21.37,1.81,+9.25%,1278499,3,-0.23%,+102.00%,"15:29 ET"
XELB,"XCEL Brands",2.39,0.06,+2.58%,12781,15,0.00%,+94.29%,"15:14 ET"
XIFR,"Xplr Infrastructure LP",11.35,0.54,+5.00%,1645851,4,-2.03%,+17.79%,"15:28 ET"
YOU,"Clear Secure Inc Cl A",59.21,0.44,+0.75%,2155531,12,-2.32%,+87.49%,"15:29 ET"
ZGN,"Ermenegildo Zegna N.V.",13,0.88,+7.26%,825456,10,0.00%,+41.84%,"15:28 ET"
ZIP,"Ziprecruiter Inc Cl A",3.1,-0.08,-2.52%,588254,12,-3.12%,+88.18%,"15:29 ET"
ZJK,"Zjk Industrial Co. Ltd",3.0301,0.0401,+1.34%,319111,6,-17.03%,+111.71%,"15:08 ET"
"Downloaded from Barchart.com as of 05-06-2026 02:29pm CDT"
